trackId,distance
224+0.021805833775157425
369+0.0012727563034207743
2+0.010299608068820075
326+0.005325498571909909
221+0.023680951755777932
78+0.00726928688986094
110+8.62863539780431E-4
79+0.0013974487576258396
